kind;faculty;name;degree;subject;school_type;version;confidence;anzahl_module
austausch;Austauschstudium an der Universität Leipzig;Austauschstudium an der Universität Leipzig / Studienniveau Bachelor / Anglistik;;;;;high;3
austausch;Austauschstudium an der Universität Leipzig;Austauschstudium an der Universität Leipzig / Studienniveau Bachelor / Deutsch als Fremdsprache;;;;;high;7
austausch;Austauschstudium an der Universität Leipzig;Austauschstudium an der Universität Leipzig / Studienniveau Bachelor / Germanistik;;;;;high;7
austausch;Austauschstudium an der Universität Leipzig;Austauschstudium an der Universität Leipzig / Studienniveau Bachelor / Griechisch-Lateinische Philologie;;;;;high;4
austausch;Austauschstudium an der Universität Leipzig;Austauschstudium an der Universität Leipzig / Studienniveau Bachelor / Kommunikations- und Medienwissenschaft;;;;;high;4
austausch;Austauschstudium an der Universität Leipzig;Austauschstudium an der Universität Leipzig / Studienniveau Bachelor / Kulturwissenschaften;;;;;high;5
austausch;Austauschstudium an der Universität Leipzig;Austauschstudium an der Universität Leipzig / Studienniveau Bachelor / Philosophie;;;;;high;5
austausch;Austauschstudium an der Universität Leipzig;Austauschstudium an der Universität Leipzig / Studienniveau Bachelor / Politikwissenschaft;;;;;high;7
austausch;Austauschstudium an der Universität Leipzig;Austauschstudium an der Universität Leipzig / Studienniveau Bachelor / Romanische Studien;;;;;high;1
austausch;Austauschstudium an der Universität Leipzig;Austauschstudium an der Universität Leipzig / Studienniveau Bachelor / Romanische Studien/ Französistik;;;;;high;9
austausch;Austauschstudium an der Universität Leipzig;Austauschstudium an der Universität Leipzig / Studienniveau Bachelor / Romanische Studien/ Hispanistik;;;;;high;8
austausch;Austauschstudium an der Universität Leipzig;Austauschstudium an der Universität Leipzig / Studienniveau Bachelor / Romanische Studien/ Italianistik;;;;;high;9
austausch;Austauschstudium an der Universität Leipzig;Austauschstudium an der Universität Leipzig / Studienniveau Bachelor / Romanische Studien/ Lusitanistik;;;;;high;5
austausch;Austauschstudium an der Universität Leipzig;Austauschstudium an der Universität Leipzig / Studienniveau Bachelor / Soziologie;;;;;high;4
austausch;Austauschstudium an der Universität Leipzig;Austauschstudium an der Universität Leipzig / Studienniveau Master / Anglistik;;;;;high;3
austausch;Austauschstudium an der Universität Leipzig;Austauschstudium an der Universität Leipzig / Studienniveau Master / Deutsch als Fremdsprache;;;;;high;12
austausch;Austauschstudium an der Universität Leipzig;Austauschstudium an der Universität Leipzig / Studienniveau Master / Germanistik;;;;;high;4
austausch;Austauschstudium an der Universität Leipzig;Austauschstudium an der Universität Leipzig / Studienniveau Master / Global and European Studies;;;;;high;1
austausch;Austauschstudium an der Universität Leipzig;Austauschstudium an der Universität Leipzig / Studienniveau Master / Griechisch-Lateinische Philologie;;;;;high;6
austausch;Austauschstudium an der Universität Leipzig;Austauschstudium an der Universität Leipzig / Studienniveau Master / Kommunikations- und Medienwissenschaft;;;;;high;3
austausch;Austauschstudium an der Universität Leipzig;Austauschstudium an der Universität Leipzig / Studienniveau Master / Kulturwissenschaften;;;;;high;7
austausch;Austauschstudium an der Universität Leipzig;Austauschstudium an der Universität Leipzig / Studienniveau Master / Philosophie;;;;;high;6
austausch;Austauschstudium an der Universität Leipzig;Austauschstudium an der Universität Leipzig / Studienniveau Master / Politikwissenschaft;;;;;high;4
austausch;Austauschstudium an der Universität Leipzig;Austauschstudium an der Universität Leipzig / Studienniveau Master / Romanische Studien;;;;;high;1
austausch;Austauschstudium an der Universität Leipzig;Austauschstudium an der Universität Leipzig / Studienniveau Master / Romanische Studien/ Französistik;;;;;high;9
austausch;Austauschstudium an der Universität Leipzig;Austauschstudium an der Universität Leipzig / Studienniveau Master / Romanische Studien/ Hispanistik;;;;;high;8
austausch;Austauschstudium an der Universität Leipzig;Austauschstudium an der Universität Leipzig / Studienniveau Master / Romanische Studien/ Italianistik;;;;;high;9
austausch;Austauschstudium an der Universität Leipzig;Austauschstudium an der Universität Leipzig / Studienniveau Master / Romanische Studien/ Lusitanistik;;;;;high;5
austausch;Austauschstudium an der Universität Leipzig;Austauschstudium an der Universität Leipzig / Studienniveau Master / Soziologie;;;;;high;2
austausch;Fakultät für Chemie;Erasmus+ - und Austauschstudierende;;;;;high;7
austausch;Fakultät für Chemie;Erasmus+ und Austauschstudierende;;;;;high;3
austausch;Fakultät für Sozialwissenschaften und Philosophie;Modules for Exchange Students of Communication and Media Studies;;;;;high;18
austausch;Fakultät für Sozialwissenschaften und Philosophie;Modules for Exchange Students of Sociology;;;;;high;6
austausch;Fakultät für Sozialwissenschaften und Philosophie;Modules for Exchanges Students of Cultural Studies;;;;;high;10
austausch;Fakultät für Sozialwissenschaften und Philosophie;Modules for Exchanges Students of Philosophy;;;;;high;8
austausch;Fakultät für Sozialwissenschaften und Philosophie;Modules for Exchanges Students of Political Science;;;;;high;7
austausch;Fakultät für Sozialwissenschaften und Philosophie;Modules for Exchanges Students of Sociology;;;;;high;9
austausch;Philologische Fakultät;Erasmus-Module;;;;;high;52
austausch;Wirtschaftswissenschaftliche Fakultät;ERASMUS-Courses;;;;;high;4
service;Fakultät für Chemie;Fakultätsübergreifende SQ-Module;;;;;high;1
service;Fakultät für Chemie;Seniorenstudium;;;;;high;1
service;Fakultätsübergreifende Schlüsselqualifikationen (SQ);Fakultätsübergreifende Schlüsselqualifikationen (SQ) / Module mit 10 Leistungspunkten;;;;;high;10
service;Fakultätsübergreifende Schlüsselqualifikationen (SQ);Fakultätsübergreifende Schlüsselqualifikationen (SQ) / Module mit 5 Leistungspunkten;;;;;high;17
service;Juristische Fakultät;Veranstaltungen zum Fachsprachenschein (empfohlen ab 3. FS);;;;;high;3
service;Philologische Fakultät;Fakultätsinterne Schlüsselqualifikationen;;;;;high;28
service;Sprachenzentrum;Sprachenzentrum / Altgriechisch;;;;;high;2
service;Sprachenzentrum;Sprachenzentrum / Arabisch;;;;;high;2
service;Sprachenzentrum;Sprachenzentrum / Autonomes Sprachenlernen;;;;;high;3
service;Sprachenzentrum;Sprachenzentrum / Baskisch;;;;;high;2
service;Sprachenzentrum;Sprachenzentrum / Bosnisch/Kroatisch/Serbisch;;;;;high;1
service;Sprachenzentrum;Sprachenzentrum / Brasilianisches Portugiesisch;;;;;high;1
service;Sprachenzentrum;Sprachenzentrum / Englisch (Fach-/Wissenschaftssprache);;;;;high;16
service;Sprachenzentrum;Sprachenzentrum / Französisch;;;;;high;1
service;Sprachenzentrum;Sprachenzentrum / Französisch (Fach-/Wissenschaftssprache);;;;;high;1
service;Sprachenzentrum;Sprachenzentrum / Galicisch;;;;;high;2
service;Sprachenzentrum;Sprachenzentrum / Irisch;;;;;high;3
service;Sprachenzentrum;Sprachenzentrum / Italienisch;;;;;high;1
service;Sprachenzentrum;Sprachenzentrum / Katalanisch;;;;;high;1
service;Sprachenzentrum;Sprachenzentrum / Keltisch/Irisch;;;;;high;1
service;Sprachenzentrum;Sprachenzentrum / Latein;;;;;high;1
service;Sprachenzentrum;Sprachenzentrum / Norwegisch;;;;;high;2
service;Sprachenzentrum;Sprachenzentrum / Polnisch;;;;;high;4
service;Sprachenzentrum;Sprachenzentrum / Rumänisch;;;;;high;1
service;Sprachenzentrum;Sprachenzentrum / Russisch;;;;;high;3
service;Sprachenzentrum;Sprachenzentrum / Russisch (Fach-/Wissenschaftssprache);;;;;high;1
service;Sprachenzentrum;Sprachenzentrum / SQ-Module des Sprachenzentrums;;;;;high;3
service;Sprachenzentrum;Sprachenzentrum / Schwedisch;;;;;high;2
service;Sprachenzentrum;Sprachenzentrum / Sorbisch;;;;;high;4
service;Sprachenzentrum;Sprachenzentrum / Spanisch;;;;;high;3
service;Sprachenzentrum;Sprachenzentrum / Sprachenlernen im Tandem;;;;;high;1
service;Sprachenzentrum;Sprachenzentrum / Tschechisch;;;;;high;2
service;Sprachenzentrum;Sprachenzentrum / Ukrainisch;;;;;high;2
service;Studienkolleg Sachsen;Studienkolleg Sachsen / Deutsch im Studium;;;;;high;14
service;Zentrum für Lehrer:innenbildung und Schulforschung (ZLS);Zentrum für Lehrer:innenbildung und Schulforschung (ZLS) / Ergänzungsstudien;;;;;high;1
service;Zentrum für Lehrer:innenbildung und Schulforschung (ZLS);Zentrum für Lehrer:innenbildung und Schulforschung (ZLS) / WTH/S;;;;;high;2
studiengang;Erziehungswissenschaftliche Fakultät;Begabungsforschung und Kompetenzentwicklung (Master);Master;Begabungsforschung und Kompetenzentwicklung;;;high;5
studiengang;Erziehungswissenschaftliche Fakultät;Bildungswissenschaften in den Lehrerbildenden Studiengängen (Staatsexamen);Staatsexamen;Bildungswissenschaften in den Lehrerbildenden Studiengängen;;;high;6
studiengang;Erziehungswissenschaftliche Fakultät;Bildungswissenschaften: Berufsfeld Schule (Wahlfach);Wahlfach;Bildungswissenschaften: Berufsfeld Schule;;;high;5
studiengang;Erziehungswissenschaftliche Fakultät;Child Development and Intervention (Master);Master;Child Development and Intervention;;;high;7
studiengang;Erziehungswissenschaftliche Fakultät;Early Childhood Research (Master);Master;Early Childhood Research;;;high;1
studiengang;Erziehungswissenschaftliche Fakultät;Fachrichtung Gesundheit und Pflege (Lehramt, Berufsbildende Schulen);Lehramt;Fachrichtung Gesundheit und Pflege;Berufsbildende Schulen;;high;13
studiengang;Erziehungswissenschaftliche Fakultät;Fachrichtung Wirtschaft und Verwaltung (Lehramt, Berufsbildende Schulen);Lehramt;Fachrichtung Wirtschaft und Verwaltung;Berufsbildende Schulen;;high;1
studiengang;Erziehungswissenschaftliche Fakultät;Lehramt Grundschule;Lehramt;;Grundschule;;high;23
studiengang;Erziehungswissenschaftliche Fakultät;Lehramt Sonderpädagogik;Lehramt;;Sonderpädagogik;;high;34
studiengang;Erziehungswissenschaftliche Fakultät;Professionalisierung frühkindlicher Bildung (Master);Master;Professionalisierung frühkindlicher Bildung;;;high;8
studiengang;Fakultät für Chemie;Advanced Spectroscopy in Chemistry (M.Sc.);M.Sc.;Advanced Spectroscopy in Chemistry;;;high;19
studiengang;Fakultät für Chemie;Chemie (B.Sc.);B.Sc.;Chemie;;;high;22
studiengang;Fakultät für Chemie;Chemie (Lehramt);Lehramt;Chemie;;;high;14
studiengang;Fakultät für Chemie;Chemie (M.Sc.);M.Sc.;Chemie;;;high;41
studiengang;Fakultät für Chemie;Chemistry and Biotechnology (M.Sc.);M.Sc.;Chemistry and Biotechnology;;;high;7
studiengang;Fakultät für Chemie;Geographie (B.Sc.);B.Sc.;Geographie;;;high;1
studiengang;Fakultät für Chemie;Lehramt Berufsbildende Schulen;Lehramt;;Berufsbildende Schulen;;high;7
studiengang;Fakultät für Chemie;Mathematics (M.Sc.);M.Sc.;Mathematics;;;high;4
studiengang;Fakultät für Chemie;Mathematik (B.Sc.);B.Sc.;Mathematik;;;high;2
studiengang;Fakultät für Chemie;Mineralogie und Materialwissenschaften (M.Sc.);M.Sc.;Mineralogie und Materialwissenschaften;;;high;4
studiengang;Fakultät für Chemie;"Physische Geographie: Umweltwandel und Naturgefahren; Wirtschafts- und Sozialgeographie (M.Sc.)";M.Sc.;"Physische Geographie: Umweltwandel und Naturgefahren; Wirtschafts- und Sozialgeographie";;;high;2
studiengang;Fakultät für Chemie;Structural Chemistry and Spectroscopy (M.Sc.);M.Sc.;Structural Chemistry and Spectroscopy;;;high;25
studiengang;Fakultät für Geschichte, Kunst- und Regionalwissenschaften;African Studies (M.A.);M.A.;African Studies;;;high;15
studiengang;Fakultät für Geschichte, Kunst- und Regionalwissenschaften;Afrikastudien (B.A.);B.A.;Afrikastudien;;;high;17
studiengang;Fakultät für Geschichte, Kunst- und Regionalwissenschaften;Altorientalistik (B.A.);B.A.;Altorientalistik;;;high;12
studiengang;Fakultät für Geschichte, Kunst- und Regionalwissenschaften;Altorientalistik (M.A.);M.A.;Altorientalistik;;;high;5
studiengang;Fakultät für Geschichte, Kunst- und Regionalwissenschaften;Altorientalistik (Wahlfach);Wahlfach;Altorientalistik;;;high;4
studiengang;Fakultät für Geschichte, Kunst- und Regionalwissenschaften;Anthropology/Ethnologie (M.A.);M.A.;Anthropology/Ethnologie;;;high;13
studiengang;Fakultät für Geschichte, Kunst- und Regionalwissenschaften;Arabistik (Wahlfach);Wahlfach;Arabistik;;;high;3
studiengang;Fakultät für Geschichte, Kunst- und Regionalwissenschaften;Arabistik und Islamwissenschaft (B.A.);B.A.;Arabistik und Islamwissenschaft;;;high;8
studiengang;Fakultät für Geschichte, Kunst- und Regionalwissenschaften;Arabistik und Islamwissenschaft (M.A.);M.A.;Arabistik und Islamwissenschaft;;;high;9
studiengang;Fakultät für Geschichte, Kunst- und Regionalwissenschaften;Archäologie der Alten Welt (M.A.);M.A.;Archäologie der Alten Welt;;;high;4
studiengang;Fakultät für Geschichte, Kunst- und Regionalwissenschaften;Archäologie und Geschichte des Alten Europa (B.A.);B.A.;Archäologie und Geschichte des Alten Europa;;;high;14
studiengang;Fakultät für Geschichte, Kunst- und Regionalwissenschaften;Archäologie, Sprachen und Geschichte früher Kulturen (B.A.);B.A.;Archäologie, Sprachen und Geschichte früher Kulturen;;;high;3
studiengang;Fakultät für Geschichte, Kunst- und Regionalwissenschaften;Außereuropäische Kulturen (Wahlfach);Wahlfach;Außereuropäische Kulturen;;;high;3
studiengang;Fakultät für Geschichte, Kunst- und Regionalwissenschaften;Außereuropäische Sprachen und Kulturen (Wahlfach);Wahlfach;Außereuropäische Sprachen und Kulturen;;;high;6
studiengang;Fakultät für Geschichte, Kunst- und Regionalwissenschaften;Buddhismusstudien (Wahlfach);Wahlfach;Buddhismusstudien;;;high;5
studiengang;Fakultät für Geschichte, Kunst- und Regionalwissenschaften;Buddhist Studies and Contemplative Traditions (M.A.);M.A.;Buddhist Studies and Contemplative Traditions;;;high;8
studiengang;Fakultät für Geschichte, Kunst- und Regionalwissenschaften;Chinese Studies (M.A.);M.A.;Chinese Studies;;;high;4
studiengang;Fakultät für Geschichte, Kunst- und Regionalwissenschaften;Ethnologie (B.A.);B.A.;Ethnologie;;;high;7
studiengang;Fakultät für Geschichte, Kunst- und Regionalwissenschaften;Geschichte (B.A.);B.A.;Geschichte;;;high;24
studiengang;Fakultät für Geschichte, Kunst- und Regionalwissenschaften;Geschichte (Lehramt, Berufsbildende Schulen);Lehramt;Geschichte;Berufsbildende Schulen;;high;39
studiengang;Fakultät für Geschichte, Kunst- und Regionalwissenschaften;Geschichte (Lehramt, Gymnasium);Lehramt;Geschichte;Gymnasium;;high;39
studiengang;Fakultät für Geschichte, Kunst- und Regionalwissenschaften;Geschichte (Lehramt, Oberschule);Lehramt;Geschichte;Oberschule;;high;36
studiengang;Fakultät für Geschichte, Kunst- und Regionalwissenschaften;Geschichte (Lehramt, Sonderpädagogik);Lehramt;Geschichte;Sonderpädagogik;;high;35
studiengang;Fakultät für Geschichte, Kunst- und Regionalwissenschaften;Geschichte: Vertiefen - Forschen - Anwenden (M.A.);M.A.;Geschichte: Vertiefen - Forschen - Anwenden;;;high;25
studiengang;Fakultät für Geschichte, Kunst- und Regionalwissenschaften;Gesellschaft und Geschichte in Afrika (Wahlfach);Wahlfach;Gesellschaft und Geschichte in Afrika;;;high;3
studiengang;Fakultät für Geschichte, Kunst- und Regionalwissenschaften;Historische Hilfswissenschaften (Wahlfach, 30 LP);Wahlfach;Historische Hilfswissenschaften;;;high;3
studiengang;Fakultät für Geschichte, Kunst- und Regionalwissenschaften;Historische Hilfswissenschaften (Wahlfach, 60 LP);Wahlfach;Historische Hilfswissenschaften;;;high;3
studiengang;Fakultät für Geschichte, Kunst- und Regionalwissenschaften;Japanologie (B.A.);B.A.;Japanologie;;;high;8
studiengang;Fakultät für Geschichte, Kunst- und Regionalwissenschaften;Japanologie (M.A.);M.A.;Japanologie;;;high;4
studiengang;Fakultät für Geschichte, Kunst- und Regionalwissenschaften;Klassische Antike (M.A.);M.A.;Klassische Antike;;;high;5
studiengang;Fakultät für Geschichte, Kunst- und Regionalwissenschaften;Konferenzdolmetschen Arabisch (M.A.);M.A.;Konferenzdolmetschen Arabisch;;;high;3
studiengang;Fakultät für Geschichte, Kunst- und Regionalwissenschaften;Kulturen Südasiens und Tibets (B.A.);B.A.;Kulturen Südasiens und Tibets;;;high;24
studiengang;Fakultät für Geschichte, Kunst- und Regionalwissenschaften;Kunst (Lehramt, Grundschule);Lehramt;Kunst;Grundschule;;high;5
studiengang;Fakultät für Geschichte, Kunst- und Regionalwissenschaften;Kunst (Lehramt, Gymnasium);Lehramt;Kunst;Gymnasium;;high;6
studiengang;Fakultät für Geschichte, Kunst- und Regionalwissenschaften;Kunst (Lehramt, Oberschule);Lehramt;Kunst;Oberschule;;high;6
studiengang;Fakultät für Geschichte, Kunst- und Regionalwissenschaften;Kunst (Lehramt, Sonderpädagogik);Lehramt;Kunst;Sonderpädagogik;;high;6
studiengang;Fakultät für Geschichte, Kunst- und Regionalwissenschaften;Kunstgeschichte (B.A.);B.A.;Kunstgeschichte;;;high;10
studiengang;Fakultät für Geschichte, Kunst- und Regionalwissenschaften;Kunstgeschichte (M.A.);M.A.;Kunstgeschichte;;;high;4
studiengang;Fakultät für Geschichte, Kunst- und Regionalwissenschaften;Kunstpädagogik (B.A.);B.A.;Kunstpädagogik;;;high;4
studiengang;Fakultät für Geschichte, Kunst- und Regionalwissenschaften;Kunstpädagogik (M.A.);M.A.;Kunstpädagogik;;;high;5
studiengang;Fakultät für Geschichte, Kunst- und Regionalwissenschaften;Mensch-Umwelt Archäologie (M.A.);M.A.;Mensch-Umwelt Archäologie;;;high;19
studiengang;Fakultät für Geschichte, Kunst- und Regionalwissenschaften;Mittlere und Neuere Geschichte (M.A.);M.A.;Mittlere und Neuere Geschichte;;;high;15
studiengang;Fakultät für Geschichte, Kunst- und Regionalwissenschaften;Modernes Südasien (M.A.);M.A.;Modernes Südasien;;;high;7
studiengang;Fakultät für Geschichte, Kunst- und Regionalwissenschaften;Modernes Südasien (Wahlfach);Wahlfach;Modernes Südasien;;;high;3
studiengang;Fakultät für Geschichte, Kunst- und Regionalwissenschaften;Musikwissenschaft (B.A.);B.A.;Musikwissenschaft;;;high;11
studiengang;Fakultät für Geschichte, Kunst- und Regionalwissenschaften;Musikwissenschaft (B.A., ab WS 22/23);B.A.;Musikwissenschaft;;ab WS 22/23;high;3
studiengang;Fakultät für Geschichte, Kunst- und Regionalwissenschaften;Musikwissenschaft (Wahlfach, 30 LP);Wahlfach;Musikwissenschaft;;;high;5
studiengang;Fakultät für Geschichte, Kunst- und Regionalwissenschaften;Musikwissenschaft (Wahlfach, 30 LP, ab WS 22/23);Wahlfach;Musikwissenschaft;;ab WS 22/23;high;5
studiengang;Fakultät für Geschichte, Kunst- und Regionalwissenschaften;Musikwissenschaft (Wahlfach, 60 LP);Wahlfach;Musikwissenschaft;;;high;4
studiengang;Fakultät für Geschichte, Kunst- und Regionalwissenschaften;Musikwissenschaft (Wahlfach, 60 LP, ab WS 22/23);Wahlfach;Musikwissenschaft;;ab WS 22/23;high;5
studiengang;Fakultät für Geschichte, Kunst- und Regionalwissenschaften;Musikwissenschaft: Musik als Kunstwerk und kulturelle Praxis (M.A.);M.A.;Musikwissenschaft: Musik als Kunstwerk und kulturelle Praxis;;;high;25
studiengang;Fakultät für Geschichte, Kunst- und Regionalwissenschaften;Ost- und Südosteuropäische Geschichte (Wahlfach);Wahlfach;Ost- und Südosteuropäische Geschichte;;;high;3
studiengang;Fakultät für Geschichte, Kunst- und Regionalwissenschaften;Religionswissenschaft (B.A.);B.A.;Religionswissenschaft;;;high;2
studiengang;Fakultät für Geschichte, Kunst- und Regionalwissenschaften;Religionswissenschaft (B.A., ab SS 2026);B.A.;Religionswissenschaft;;ab SS 2026;high;1
studiengang;Fakultät für Geschichte, Kunst- und Regionalwissenschaften;Religionswissenschaft (B.A., ab WS 2017/18);B.A.;Religionswissenschaft;;ab WS 2017/18;high;7
studiengang;Fakultät für Geschichte, Kunst- und Regionalwissenschaften;Religionswissenschaft (B.A., ab WS 2023/24);B.A.;Religionswissenschaft;;ab WS 2023/24;high;21
studiengang;Fakultät für Geschichte, Kunst- und Regionalwissenschaften;Religionswissenschaft (B.A., ab WS 23/24);B.A.;Religionswissenschaft;;ab WS 23/24;high;4
studiengang;Fakultät für Geschichte, Kunst- und Regionalwissenschaften;Religionswissenschaft (M.A.);M.A.;Religionswissenschaft;;;high;1
studiengang;Fakultät für Geschichte, Kunst- und Regionalwissenschaften;Religionswissenschaft (Wahlfach, 30 LP);Wahlfach;Religionswissenschaft;;;high;5
studiengang;Fakultät für Geschichte, Kunst- und Regionalwissenschaften;Religionswissenschaft (Wahlfach, 60 LP);Wahlfach;Religionswissenschaft;;;high;6
studiengang;Fakultät für Geschichte, Kunst- und Regionalwissenschaften;Sinologie (B.A.);B.A.;Sinologie;;;high;6
studiengang;Fakultät für Geschichte, Kunst- und Regionalwissenschaften;Sozial- und Kulturanthropologie (B.A.);B.A.;Sozial- und Kulturanthropologie;;;high;24
studiengang;Fakultät für Geschichte, Kunst- und Regionalwissenschaften;Theaterwissenschaft transdisziplinär (B.A.);B.A.;Theaterwissenschaft transdisziplinär;;;high;34
studiengang;Fakultät für Geschichte, Kunst- und Regionalwissenschaften;Theaterwissenschaft transkulturell - Geschichte, Theorie, Praxis (M.A.);M.A.;Theaterwissenschaft transkulturell - Geschichte, Theorie, Praxis;;;high;28
studiengang;Fakultät für Geschichte, Kunst- und Regionalwissenschaften;Theorie und Praxisbezüge der Museumsarbeit (Wahlfach);Wahlfach;Theorie und Praxisbezüge der Museumsarbeit;;;high;9
studiengang;Fakultät für Geschichte, Kunst- und Regionalwissenschaften;Yoga und Meditation (Wahlfach);Wahlfach;Yoga und Meditation;;;high;5
studiengang;Fakultät für Geschichte, Kunst- und Regionalwissenschaften;Ägypten und der Alte Orient (Wahlfach);Wahlfach;Ägypten und der Alte Orient;;;high;9
studiengang;Fakultät für Geschichte, Kunst- und Regionalwissenschaften;Ägyptologie (B.A.);B.A.;Ägyptologie;;;high;14
studiengang;Fakultät für Geschichte, Kunst- und Regionalwissenschaften;Ägyptologie (M.A.);M.A.;Ägyptologie;;;high;7
studiengang;Fakultät für Geschichte, Kunst- und Regionalwissenschaften;Ägyptologie (Wahlfach);Wahlfach;Ägyptologie;;;high;7
studiengang;Fakultät für Mathematik und Informatik;Bioinformatik (M.Sc.);M.Sc.;Bioinformatik;;;high;25
studiengang;Fakultät für Mathematik und Informatik;Data Science (M.Sc.);M.Sc.;Data Science;;;high;26
studiengang;Fakultät für Mathematik und Informatik;Digital Humanities (B.Sc.);B.Sc.;Digital Humanities;;;high;22
studiengang;Fakultät für Mathematik und Informatik;Digital Humanities (M.Sc.);M.Sc.;Digital Humanities;;;high;10
studiengang;Fakultät für Mathematik und Informatik;Informatik (B.Sc.);B.Sc.;Informatik;;;high;38
studiengang;Fakultät für Mathematik und Informatik;Informatik (Lehramt, Berufsbildende Schulen);Lehramt;Informatik;Berufsbildende Schulen;;high;30
studiengang;Fakultät für Mathematik und Informatik;Informatik (Lehramt, Gymnasium);Lehramt;Informatik;Gymnasium;;high;35
studiengang;Fakultät für Mathematik und Informatik;Informatik (Lehramt, Oberschule);Lehramt;Informatik;Oberschule;;high;16
studiengang;Fakultät für Mathematik und Informatik;Informatik (Lehramt, Sonderpädagogik);Lehramt;Informatik;Sonderpädagogik;;high;17
studiengang;Fakultät für Mathematik und Informatik;Informatik (M.Sc.);M.Sc.;Informatik;;;high;42
studiengang;Fakultät für Mathematik und Informatik;Mathematics (M.Sc.);M.Sc.;Mathematics;;;high;13
studiengang;Fakultät für Mathematik und Informatik;Mathematik (B.Sc.);B.Sc.;Mathematik;;;high;19
studiengang;Fakultät für Mathematik und Informatik;Mathematik (Lehramt, Grundschule);Lehramt;Mathematik;Grundschule;;high;9
studiengang;Fakultät für Mathematik und Informatik;Mathematik (Lehramt, Gymnasium);Lehramt;Mathematik;Gymnasium;;high;8
studiengang;Fakultät für Mathematik und Informatik;Mathematik (Lehramt, Oberschule);Lehramt;Mathematik;Oberschule;;high;10
studiengang;Fakultät für Mathematik und Informatik;Mathematik (Lehramt, Sonderpädagogik);Lehramt;Mathematik;Sonderpädagogik;;high;10
studiengang;Fakultät für Mathematik und Informatik;Medizininformatik (M.Sc.);M.Sc.;Medizininformatik;;;high;23
studiengang;Fakultät für Physik und Erdsystemwissenschaften;Earth System Data Science and Remote Sensing (Master);Master;Earth System Data Science and Remote Sensing;;;medium;32
studiengang;Fakultät für Physik und Erdsystemwissenschaften;Geographie (Bachelor);Bachelor;Geographie;;;medium;62
studiengang;Fakultät für Physik und Erdsystemwissenschaften;IPSP (Bachelor);Bachelor;IPSP;;;medium;5
studiengang;Fakultät für Physik und Erdsystemwissenschaften;IPSP - 3 years (expiring) (Bachelor);Bachelor;IPSP - 3 years (expiring);;;medium;3
studiengang;Fakultät für Physik und Erdsystemwissenschaften;International Physics Studies Program (Honours) (Bachelor);Bachelor;International Physics Studies Program (Honours);;;medium;39
studiengang;Fakultät für Physik und Erdsystemwissenschaften;International Physics Studies Program (Master, PO 2012);Master;International Physics Studies Program;;PO 2012;medium;12
studiengang;Fakultät für Physik und Erdsystemwissenschaften;International Physics Studies Program (Master, PO 2023);Master;International Physics Studies Program;;PO 2023;medium;20
studiengang;Fakultät für Physik und Erdsystemwissenschaften;Lehramt Gymnasium;Lehramt;;Gymnasium;;high;4
studiengang;Fakultät für Physik und Erdsystemwissenschaften;Lehramt Gymnasium (PO 2012);Lehramt;;Gymnasium;PO 2012;high;9
studiengang;Fakultät für Physik und Erdsystemwissenschaften;Lehramt Gymnasium (PO 2017);Lehramt;;Gymnasium;PO 2017;high;11
studiengang;Fakultät für Physik und Erdsystemwissenschaften;Lehramt Oberschule;Lehramt;;Oberschule;;high;3
studiengang;Fakultät für Physik und Erdsystemwissenschaften;Lehramt Oberschule (PO 2012);Lehramt;;Oberschule;PO 2012;high;9
studiengang;Fakultät für Physik und Erdsystemwissenschaften;Lehramt Oberschule (PO 2017);Lehramt;;Oberschule;PO 2017;high;11
studiengang;Fakultät für Physik und Erdsystemwissenschaften;Lehramt Sonderpädagogik;Lehramt;;Sonderpädagogik;;high;3
studiengang;Fakultät für Physik und Erdsystemwissenschaften;Lehramt Sonderpädagogik (PO 2012);Lehramt;;Sonderpädagogik;PO 2012;high;6
studiengang;Fakultät für Physik und Erdsystemwissenschaften;Lehramt Sonderpädagogik (PO 2017);Lehramt;;Sonderpädagogik;PO 2017;high;9
studiengang;Fakultät für Physik und Erdsystemwissenschaften;Mathematical Physics (Master);Master;Mathematical Physics;;;medium;17
studiengang;Fakultät für Physik und Erdsystemwissenschaften;Meteorologie (Bachelor);Bachelor;Meteorologie;;;medium;17
studiengang;Fakultät für Physik und Erdsystemwissenschaften;Meteorology (Master);Master;Meteorology;;;medium;28
studiengang;Fakultät für Physik und Erdsystemwissenschaften;Physics (Master);Master;Physics;;;medium;25
studiengang;Fakultät für Physik und Erdsystemwissenschaften;Physik (Bachelor);Bachelor;Physik;;;medium;21
studiengang;Fakultät für Physik und Erdsystemwissenschaften;Physische Geographie (Master);Master;Physische Geographie;;;medium;61
studiengang;Fakultät für Physik und Erdsystemwissenschaften;Wirtschafts- und Sozialgeographie (Master);Master;Wirtschafts- und Sozialgeographie;;;medium;55
studiengang;Fakultät für Sozialwissenschaften und Philosophie;Arqus Joint Master in European Studies (Master);Master;Arqus Joint Master in European Studies;;;high;2
studiengang;Fakultät für Sozialwissenschaften und Philosophie;Communication Managament (M.A.);M.A.;Communication Managament;;;high;7
studiengang;Fakultät für Sozialwissenschaften und Philosophie;Crossmedia Journalismus (Wahlfach);Wahlfach;Crossmedia Journalismus;;;high;2
studiengang;Fakultät für Sozialwissenschaften und Philosophie;Digitale Kommunikation, Medienkulturen und Medienkompetenzen (M.A.);M.A.;Digitale Kommunikation, Medienkulturen und Medienkompetenzen;;;high;2
studiengang;Fakultät für Sozialwissenschaften und Philosophie;Digitale Kommunikation, Medienwandel und Medienkulturen (M.A.);M.A.;Digitale Kommunikation, Medienwandel und Medienkulturen;;;high;4
studiengang;Fakultät für Sozialwissenschaften und Philosophie;Ethik (Wahlfach, 30 LP);Wahlfach;Ethik;;;high;3
studiengang;Fakultät für Sozialwissenschaften und Philosophie;Ethik/Philosophie (Lehramt, Berufsbildende Schulen);Lehramt;Ethik/Philosophie;Berufsbildende Schulen;;high;11
studiengang;Fakultät für Sozialwissenschaften und Philosophie;Ethik/Philosophie (Lehramt, Grundschule);Lehramt;Ethik/Philosophie;Grundschule;;high;9
studiengang;Fakultät für Sozialwissenschaften und Philosophie;Ethik/Philosophie (Lehramt, Gymnasium);Lehramt;Ethik/Philosophie;Gymnasium;;high;11
studiengang;Fakultät für Sozialwissenschaften und Philosophie;Ethik/Philosophie (Lehramt, Oberschule);Lehramt;Ethik/Philosophie;Oberschule;;high;10
studiengang;Fakultät für Sozialwissenschaften und Philosophie;Ethik/Philosophie (Lehramt, Sonderpädagogik);Lehramt;Ethik/Philosophie;Sonderpädagogik;;high;8
studiengang;Fakultät für Sozialwissenschaften und Philosophie;European Studies (M.A.);M.A.;European Studies;;;high;5
studiengang;Fakultät für Sozialwissenschaften und Philosophie;Gemeinschaftskunde/Rechtserziehung (Lehramt, Oberschule);Lehramt;Gemeinschaftskunde/Rechtserziehung;Oberschule;;high;16
studiengang;Fakultät für Sozialwissenschaften und Philosophie;Gemeinschaftskunde/Rechtserziehung (Lehramt, Sonderpädagogik);Lehramt;Gemeinschaftskunde/Rechtserziehung;Sonderpädagogik;;high;16
studiengang;Fakultät für Sozialwissenschaften und Philosophie;Gemeinschaftskunde/Rechtserziehung/Wirtschaft (Lehramt, Berufsbildende Schulen);Lehramt;Gemeinschaftskunde/Rechtserziehung/Wirtschaft;Berufsbildende Schulen;;high;16
studiengang;Fakultät für Sozialwissenschaften und Philosophie;Gemeinschaftskunde/Rechtserziehung/Wirtschaft (Lehramt, Gymnasium);Lehramt;Gemeinschaftskunde/Rechtserziehung/Wirtschaft;Gymnasium;;high;17
studiengang;Fakultät für Sozialwissenschaften und Philosophie;Global Studies (M.A.);M.A.;Global Studies;;;high;5
studiengang;Fakultät für Sozialwissenschaften und Philosophie;Journalismus (M.Sc.);M.Sc.;Journalismus;;;high;5
studiengang;Fakultät für Sozialwissenschaften und Philosophie;Kommunikations- und Medienwissenschaft (B.A.);B.A.;Kommunikations- und Medienwissenschaft;;;high;13
studiengang;Fakultät für Sozialwissenschaften und Philosophie;Kommunikations- und Medienwissenschaft (M.A.);M.A.;Kommunikations- und Medienwissenschaft;;;high;7
studiengang;Fakultät für Sozialwissenschaften und Philosophie;Kommunikations- und Medienwissenschaft (Wahlfach);Wahlfach;Kommunikations- und Medienwissenschaft;;;high;6
studiengang;Fakultät für Sozialwissenschaften und Philosophie;Kulturwissenschaften (Bachelor);Bachelor;Kulturwissenschaften;;;high;12
studiengang;Fakultät für Sozialwissenschaften und Philosophie;Kulturwissenschaften (Master);Master;Kulturwissenschaften;;;high;23
studiengang;Fakultät für Sozialwissenschaften und Philosophie;Kulturwissenschaften (Wahlfach);Wahlfach;Kulturwissenschaften;;;high;5
studiengang;Fakultät für Sozialwissenschaften und Philosophie;Philosophie (Bachelor);Bachelor;Philosophie;;;high;8
studiengang;Fakultät für Sozialwissenschaften und Philosophie;Philosophie (Master);Master;Philosophie;;;high;17
studiengang;Fakultät für Sozialwissenschaften und Philosophie;Philosophie (Wahlfach, 30 LP);Wahlfach;Philosophie;;;high;3
studiengang;Fakultät für Sozialwissenschaften und Philosophie;Philosophie (Wahlfach, 60 LP);Wahlfach;Philosophie;;;high;6
studiengang;Fakultät für Sozialwissenschaften und Philosophie;Politikwissenschaft (Bachelor);Bachelor;Politikwissenschaft;;;high;12
studiengang;Fakultät für Sozialwissenschaften und Philosophie;Politikwissenschaft (Master);Master;Politikwissenschaft;;;high;22
studiengang;Fakultät für Sozialwissenschaften und Philosophie;Politikwissenschaft (Wahlfach, 60 LP);Wahlfach;Politikwissenschaft;;;high;7
studiengang;Fakultät für Sozialwissenschaften und Philosophie;Soziologie (B.A.);B.A.;Soziologie;;;high;18
studiengang;Fakultät für Sozialwissenschaften und Philosophie;Soziologie (M.A.);M.A.;Soziologie;;;high;11
studiengang;Fakultät für Sozialwissenschaften und Philosophie;Soziologie (Wahlfach);Wahlfach;Soziologie;;;high;8
studiengang;Lehramt an Oberschulen mit Sonderpädagogik: Kooperation mit Hochschule Zittau/Görlitz;Bildungswissenschaften (Lehramt);Lehramt;Bildungswissenschaften;;;low;2
studiengang;Lehramt an Oberschulen mit Sonderpädagogik: Kooperation mit Hochschule Zittau/Görlitz;Biologie (Lehramt);Lehramt;Biologie;;;low;2
studiengang;Lehramt an Oberschulen mit Sonderpädagogik: Kooperation mit Hochschule Zittau/Görlitz;Deutsch (Lehramt);Lehramt;Deutsch;;;low;2
studiengang;Lehramt an Oberschulen mit Sonderpädagogik: Kooperation mit Hochschule Zittau/Görlitz;Mathematik (Lehramt);Lehramt;Mathematik;;;low;2
studiengang;Lehramt an Oberschulen mit Sonderpädagogik: Kooperation mit Hochschule Zittau/Görlitz;Wirtschaft-Technik-Haushalt/Soziales (Lehramt);Lehramt;Wirtschaft-Technik-Haushalt/Soziales;;;low;2
studiengang;Medizinische Fakultät;Hebammenkunde;;Hebammenkunde;;;low;15
studiengang;Medizinische Fakultät;Pharmazie;;Pharmazie;;;low;4
studiengang;Philologische Fakultät;Amerikastudien (American Studies) (B.A.);B.A.;Amerikastudien (American Studies);;;high;6
studiengang;Philologische Fakultät;Amerikastudien (American Studies) (M.A.);M.A.;Amerikastudien (American Studies);;;high;6
studiengang;Philologische Fakultät;Amerikastudien (Wahlfach, 60 LP);Wahlfach;Amerikastudien;;;high;5
studiengang;Philologische Fakultät;Anglistik (B.A.);B.A.;Anglistik;;;high;9
studiengang;Philologische Fakultät;Anglistik (Lehramt, Grundschule);Lehramt;Anglistik;Grundschule;;high;3
studiengang;Philologische Fakultät;Anglistik (Lehramt, Gymnasium);Lehramt;Anglistik;Gymnasium;;high;12
studiengang;Philologische Fakultät;Anglistik (Lehramt, Oberschule);Lehramt;Anglistik;Oberschule;;high;12
studiengang;Philologische Fakultät;Anglistik (Lehramt, Sonderpädagogik);Lehramt;Anglistik;Sonderpädagogik;;high;8
studiengang;Philologische Fakultät;Anglistik (M.A.);M.A.;Anglistik;;;high;3
studiengang;Philologische Fakultät;Anglistik (Wahlfach, 60 LP);Wahlfach;Anglistik;;;high;9
studiengang;Philologische Fakultät;Bohemistik (Tschechisch) (Wahlfach, 60 LP);Wahlfach;Bohemistik (Tschechisch);;;high;5
studiengang;Philologische Fakultät;Deutsch (Lehramt, Grundschule);Lehramt;Deutsch;Grundschule;;high;7
studiengang;Philologische Fakultät;Deutsch (Lehramt, Gymnasium);Lehramt;Deutsch;Gymnasium;;high;19
studiengang;Philologische Fakultät;Deutsch (Lehramt, Oberschule);Lehramt;Deutsch;Oberschule;;high;15
studiengang;Philologische Fakultät;Deutsch (Lehramt, Sonderpädagogik);Lehramt;Deutsch;Sonderpädagogik;;high;13
studiengang;Philologische Fakultät;Deutsch als Fremd- und Zweitsprache (B.A.);B.A.;Deutsch als Fremd- und Zweitsprache;;;high;11
studiengang;Philologische Fakultät;Deutsch als Fremd- und Zweitsprache (M.A.);M.A.;Deutsch als Fremd- und Zweitsprache;;;high;7
studiengang;Philologische Fakultät;Deutsch als Fremd- und Zweitsprache (Wahlfach, 60 LP);Wahlfach;Deutsch als Fremd- und Zweitsprache;;;high;7
studiengang;Philologische Fakultät;Deutsch als Fremd- und Zweitsprache, Binationaler (M.A.);M.A.;Deutsch als Fremd- und Zweitsprache, Binationaler;;;high;4
studiengang;Philologische Fakultät;Deutsch als Zweit- und Fremdsprache (Lehramt, Grundschule);Lehramt;Deutsch als Zweit- und Fremdsprache;Grundschule;;high;4
studiengang;Philologische Fakultät;Deutsch als Zweit- und Fremdsprache (Lehramt, Gymnasium);Lehramt;Deutsch als Zweit- und Fremdsprache;Gymnasium;;high;4
studiengang;Philologische Fakultät;Deutsch als Zweit- und Fremdsprache (Lehramt, Oberschule);Lehramt;Deutsch als Zweit- und Fremdsprache;Oberschule;;high;4
studiengang;Philologische Fakultät;Deutsch als Zweit- und Fremdsprache (Lehramt, Sonderpädagogik);Lehramt;Deutsch als Zweit- und Fremdsprache;Sonderpädagogik;;high;4
studiengang;Philologische Fakultät;Französisch (Lehramt, Gymnasium);Lehramt;Französisch;Gymnasium;;high;15
studiengang;Philologische Fakultät;Französisch (Lehramt, Oberschule);Lehramt;Französisch;Oberschule;;high;11
studiengang;Philologische Fakultät;Französistik (Wahlfach, 60 LP);Wahlfach;Französistik;;;high;2
studiengang;Philologische Fakultät;Germanistik (B.A.);B.A.;Germanistik;;;high;13
studiengang;Philologische Fakultät;Germanistik (M.A.);M.A.;Germanistik;;;high;8
studiengang;Philologische Fakultät;Germanistik (Wahlfach, 60 LP);Wahlfach;Germanistik;;;high;11
studiengang;Philologische Fakultät;Hispanistik (Wahlfach, 60 LP);Wahlfach;Hispanistik;;;high;2
studiengang;Philologische Fakultät;Interkulturell B.A. PLUS Westslawische Sprachen, Literaturen und Kulturen (B.A.);B.A.;Interkulturell B.A. PLUS Westslawische Sprachen, Literaturen und Kulturen;;;high;7
studiengang;Philologische Fakultät;Interkulturelle Kommunikation und Translation Tschechisch-Deutsch (B.A.);B.A.;Interkulturelle Kommunikation und Translation Tschechisch-Deutsch;;;high;7
studiengang;Philologische Fakultät;Italianistik (Wahlfach, 60 LP);Wahlfach;Italianistik;;;high;2
studiengang;Philologische Fakultät;Italienisch (Lehramt, Gymnasium);Lehramt;Italienisch;Gymnasium;;high;14
studiengang;Philologische Fakultät;Lehramt Grundschule;Lehramt;;Grundschule;;high;4
studiengang;Philologische Fakultät;Lehramt Gymnasium;Lehramt;;Gymnasium;;high;6
studiengang;Philologische Fakultät;Lehramt Oberschule;Lehramt;;Oberschule;;high;6
studiengang;Philologische Fakultät;Lehramt Sonderpädagogik;Lehramt;;Sonderpädagogik;;high;6
studiengang;Philologische Fakultät;Linguistik (B.A.);B.A.;Linguistik;;;high;11
studiengang;Philologische Fakultät;Linguistik (Linguistics) (M.A.);M.A.;Linguistik (Linguistics);;;high;3
studiengang;Philologische Fakultät;Lusitanistik (Wahlfach, 60 LP);Wahlfach;Lusitanistik;;;high;2
studiengang;Philologische Fakultät;Polnisch (Lehramt, Gymnasium);Lehramt;Polnisch;Gymnasium;;high;2
studiengang;Philologische Fakultät;Polnisch (Lehramt, Oberschule);Lehramt;Polnisch;Oberschule;;high;2
studiengang;Philologische Fakultät;Polonistik (Wahlfach, 60 LP);Wahlfach;Polonistik;;;high;5
studiengang;Philologische Fakultät;Romanische Studien (B.A.);B.A.;Romanische Studien;;;high;30
studiengang;Philologische Fakultät;Romanische Studien (M.A.);M.A.;Romanische Studien;;;high;23
studiengang;Philologische Fakultät;Rumänistik (Wahlfach, 30 LP);Wahlfach;Rumänistik;;;high;2
studiengang;Philologische Fakultät;Russisch (Lehramt, Gymnasium);Lehramt;Russisch;Gymnasium;;high;1
studiengang;Philologische Fakultät;Russisch (Lehramt, Oberschule);Lehramt;Russisch;Oberschule;;high;1
studiengang;Philologische Fakultät;Russistik (Wahlfach, 60 LP);Wahlfach;Russistik;;;high;3
studiengang;Philologische Fakultät;Slavia Litteraria Europaea (M.A.);M.A.;Slavia Litteraria Europaea;;;high;9
studiengang;Philologische Fakultät;Slawistik (M.A.);M.A.;Slawistik;;;high;8
studiengang;Philologische Fakultät;Spanisch (Lehramt, Gymnasium);Lehramt;Spanisch;Gymnasium;;high;15
studiengang;Philologische Fakultät;Spanisch (Lehramt, Oberschule);Lehramt;Spanisch;Oberschule;;high;11
studiengang;Philologische Fakultät;Tschechisch (Lehramt, Gymnasium);Lehramt;Tschechisch;Gymnasium;;high;3
studiengang;Philologische Fakultät;Tschechisch (Lehramt, Oberschule);Lehramt;Tschechisch;Oberschule;;high;3
studiengang;Philologische Fakultät;Ukrainistik (Wahlfach, 60 LP);Wahlfach;Ukrainistik;;;high;3
studiengang;Philologische Fakultät;Westslawische Sprachen, Literaturen und Kulturen (B.A.);B.A.;Westslawische Sprachen, Literaturen und Kulturen;;;high;11
studiengang;Sportwissenschaftliche Fakultät;Bewegung - Gesundheit - Rehabilitation (B.Sc.);B.Sc.;Bewegung - Gesundheit - Rehabilitation;;;high;8
studiengang;Sportwissenschaftliche Fakultät;Sportmanagement (B.Sc., PO 2025);B.Sc.;Sportmanagement;;PO 2025;high;8
studiengang;Sportwissenschaftliche Fakultät;Sportwissenschaft: Bewegung - Training - Leistung (B.Sc.);B.Sc.;Sportwissenschaft: Bewegung - Training - Leistung;;;high;7
studiengang;Theologische Fakultät;Evangelische Religion (Lehramt, Berufsbildende Schulen, Immatrikulation ab WiSe 2024/25);Lehramt;Evangelische Religion;Berufsbildende Schulen;Immatrikulation ab WiSe 2024/25;high;12
studiengang;Theologische Fakultät;Evangelische Religion (Lehramt, Berufsbildende Schulen, Immatrikulation bis SoSe 2024);Lehramt;Evangelische Religion;Berufsbildende Schulen;Immatrikulation bis SoSe 2024;high;13
studiengang;Theologische Fakultät;Evangelische Religion (Lehramt, Grundschule, Immatrikulation ab WiSe 2024/25);Lehramt;Evangelische Religion;Grundschule;Immatrikulation ab WiSe 2024/25;high;8
studiengang;Theologische Fakultät;Evangelische Religion (Lehramt, Grundschule, Immatrikulation bis SoSe 2024);Lehramt;Evangelische Religion;Grundschule;Immatrikulation bis SoSe 2024;high;6
studiengang;Theologische Fakultät;Evangelische Religion (Lehramt, Gymnasium, Immatrikulation ab WiSe 2024/25);Lehramt;Evangelische Religion;Gymnasium;Immatrikulation ab WiSe 2024/25;high;12
studiengang;Theologische Fakultät;Evangelische Religion (Lehramt, Gymnasium, Immatrikulation bis SoSe 2024);Lehramt;Evangelische Religion;Gymnasium;Immatrikulation bis SoSe 2024;high;13
studiengang;Theologische Fakultät;Evangelische Religion (Lehramt, Immatrikulation ab WiSe 2024/25);Lehramt;Evangelische Religion;;Immatrikulation ab WiSe 2024/25;high;4
studiengang;Theologische Fakultät;Evangelische Religion (Lehramt, Immatrikulation bis SoSe 2024);Lehramt;Evangelische Religion;;Immatrikulation bis SoSe 2024;high;4
studiengang;Theologische Fakultät;Evangelische Religion (Lehramt, Oberschule, Immatrikulation ab WiSe 2024/25);Lehramt;Evangelische Religion;Oberschule;Immatrikulation ab WiSe 2024/25;high;11
studiengang;Theologische Fakultät;Evangelische Religion (Lehramt, Oberschule, Immatrikulation bis SoSe 2024);Lehramt;Evangelische Religion;Oberschule;Immatrikulation bis SoSe 2024;high;10
studiengang;Theologische Fakultät;Evangelische Religion (Lehramt, Sonderpädagogik, Immatrikulation ab WiSe 2024/25);Lehramt;Evangelische Religion;Sonderpädagogik;Immatrikulation ab WiSe 2024/25;high;9
studiengang;Theologische Fakultät;Evangelische Religion (Lehramt, Sonderpädagogik, Immatrikulation bis SoSe 2024);Lehramt;Evangelische Religion;Sonderpädagogik;Immatrikulation bis SoSe 2024;high;8
studiengang;Theologische Fakultät;Evangelische Theologie (Diplom);Diplom;Evangelische Theologie;;;high;10
studiengang;Theologische Fakultät;Judentum (Wahlfach);Wahlfach;Judentum;;;high;4
studiengang;Theologische Fakultät;Judentum in Tradition und Gegenwart (B.A.);B.A.;Judentum in Tradition und Gegenwart;;;high;10
studiengang;Wirtschaftswissenschaftliche Fakultät;Betriebswirtschaftslehre (Master);Master;Betriebswirtschaftslehre;;;medium;61
studiengang;Wirtschaftswissenschaftliche Fakultät;European Financial Markets and Institutions (M.Sc.);M.Sc.;European Financial Markets and Institutions;;;high;9
studiengang;Wirtschaftswissenschaftliche Fakultät;Fachrichtung Wirtschaft und Verwaltung (Lehramt, Berufsbildende Schulen);Lehramt;Fachrichtung Wirtschaft und Verwaltung;Berufsbildende Schulen;;high;17
studiengang;Wirtschaftswissenschaftliche Fakultät;Volkswirtschaftslehre (Master);Master;Volkswirtschaftslehre;;;medium;27
studiengang;Wirtschaftswissenschaftliche Fakultät;Wirtschaftsinformatik (Bachelor, alte Prüfungsordnung);Bachelor;Wirtschaftsinformatik;;alte Prüfungsordnung;medium;16
studiengang;Wirtschaftswissenschaftliche Fakultät;Wirtschaftsinformatik (Bachelor, neue Prüfungsordnung ab WiSe 24/25);Bachelor;Wirtschaftsinformatik;;neue Prüfungsordnung ab WiSe 24/25;medium;36
studiengang;Wirtschaftswissenschaftliche Fakultät;Wirtschaftsinformatik (Master);Master;Wirtschaftsinformatik;;;medium;16
studiengang;Wirtschaftswissenschaftliche Fakultät;Wirtschaftspädagogik (Bachelor);Bachelor;Wirtschaftspädagogik;;;medium;5
studiengang;Wirtschaftswissenschaftliche Fakultät;Wirtschaftspädagogik (Master, PO 2015);Master;Wirtschaftspädagogik;;PO 2015;medium;3
studiengang;Wirtschaftswissenschaftliche Fakultät;Wirtschaftspädagogik (Master, PO 2023);Master;Wirtschaftspädagogik;;PO 2023;medium;7
studiengang;Wirtschaftswissenschaftliche Fakultät;Wirtschaftswissenschaften (Bachelor);Bachelor;Wirtschaftswissenschaften;;;medium;48
unklar;Philologische Fakultät;;;;;;none;82
unklar;Theologische Fakultät;;;;;;none;1
wahlbereich;Philologische Fakultät;Wahlbereich Slawistik;;;;;high;17
wahlbereich;Wahlbereich der Geistes- und Sozialwissenschaften;Wahlbereich der Geistes- und Sozialwissenschaften / Afrikastudien;;;;;high;13
wahlbereich;Wahlbereich der Geistes- und Sozialwissenschaften;Wahlbereich der Geistes- und Sozialwissenschaften / Altorientalistik;;;;;high;9
wahlbereich;Wahlbereich der Geistes- und Sozialwissenschaften;Wahlbereich der Geistes- und Sozialwissenschaften / Amerikastudien;;;;;high;5
wahlbereich;Wahlbereich der Geistes- und Sozialwissenschaften;Wahlbereich der Geistes- und Sozialwissenschaften / Anglistik;;;;;high;7
wahlbereich;Wahlbereich der Geistes- und Sozialwissenschaften;Wahlbereich der Geistes- und Sozialwissenschaften / Arabistik;;;;;high;5
wahlbereich;Wahlbereich der Geistes- und Sozialwissenschaften;Wahlbereich der Geistes- und Sozialwissenschaften / Archäologie der Alten Welt;;;;;high;1
wahlbereich;Wahlbereich der Geistes- und Sozialwissenschaften;Wahlbereich der Geistes- und Sozialwissenschaften / Archäologische Wissenschaften;;;;;high;3
wahlbereich;Wahlbereich der Geistes- und Sozialwissenschaften;Wahlbereich der Geistes- und Sozialwissenschaften / Deutsch als Fremd- und Zweitsprache;;;;;high;7
wahlbereich;Wahlbereich der Geistes- und Sozialwissenschaften;Wahlbereich der Geistes- und Sozialwissenschaften / Deutsch als Fremdsprache;;;;;high;2
wahlbereich;Wahlbereich der Geistes- und Sozialwissenschaften;Wahlbereich der Geistes- und Sozialwissenschaften / Ethnologie;;;;;high;4
wahlbereich;Wahlbereich der Geistes- und Sozialwissenschaften;Wahlbereich der Geistes- und Sozialwissenschaften / Germanistik;;;;;high;9
wahlbereich;Wahlbereich der Geistes- und Sozialwissenschaften;Wahlbereich der Geistes- und Sozialwissenschaften / Geschichte;;;;;high;17
wahlbereich;Wahlbereich der Geistes- und Sozialwissenschaften;Wahlbereich der Geistes- und Sozialwissenschaften / Geschichte und Theologie des Christentums;;;;;high;6
wahlbereich;Wahlbereich der Geistes- und Sozialwissenschaften;Wahlbereich der Geistes- und Sozialwissenschaften / Gräzistik;;;;;high;2
wahlbereich;Wahlbereich der Geistes- und Sozialwissenschaften;Wahlbereich der Geistes- und Sozialwissenschaften / Indologie, Tibetologie und Mongolistik;;;;;high;21
wahlbereich;Wahlbereich der Geistes- und Sozialwissenschaften;Wahlbereich der Geistes- und Sozialwissenschaften / Informatik/Digital Humanities;;;;;high;1
wahlbereich;Wahlbereich der Geistes- und Sozialwissenschaften;Wahlbereich der Geistes- und Sozialwissenschaften / Judentum;;;;;high;2
wahlbereich;Wahlbereich der Geistes- und Sozialwissenschaften;Wahlbereich der Geistes- und Sozialwissenschaften / Kommunikations- und Medienwissenschaft;;;;;high;5
wahlbereich;Wahlbereich der Geistes- und Sozialwissenschaften;Wahlbereich der Geistes- und Sozialwissenschaften / Kulturwissenschaften;;;;;high;8
wahlbereich;Wahlbereich der Geistes- und Sozialwissenschaften;Wahlbereich der Geistes- und Sozialwissenschaften / Kunstgeschichte;;;;;high;8
wahlbereich;Wahlbereich der Geistes- und Sozialwissenschaften;Wahlbereich der Geistes- und Sozialwissenschaften / Linguistik;;;;;high;3
wahlbereich;Wahlbereich der Geistes- und Sozialwissenschaften;Wahlbereich der Geistes- und Sozialwissenschaften / Minderheitensprachen;;;;;high;5
wahlbereich;Wahlbereich der Geistes- und Sozialwissenschaften;Wahlbereich der Geistes- und Sozialwissenschaften / Musikwissenschaft;;;;;high;12
wahlbereich;Wahlbereich der Geistes- und Sozialwissenschaften;Wahlbereich der Geistes- und Sozialwissenschaften / Neogräzistik;;;;;high;3
wahlbereich;Wahlbereich der Geistes- und Sozialwissenschaften;Wahlbereich der Geistes- und Sozialwissenschaften / Onomastik;;;;;high;1
wahlbereich;Wahlbereich der Geistes- und Sozialwissenschaften;Wahlbereich der Geistes- und Sozialwissenschaften / Onomastik/Namensforschung;;;;;high;1
wahlbereich;Wahlbereich der Geistes- und Sozialwissenschaften;Wahlbereich der Geistes- und Sozialwissenschaften / Ostslawistik;;;;;high;10
wahlbereich;Wahlbereich der Geistes- und Sozialwissenschaften;Wahlbereich der Geistes- und Sozialwissenschaften / Philosophie;;;;;high;6
wahlbereich;Wahlbereich der Geistes- und Sozialwissenschaften;Wahlbereich der Geistes- und Sozialwissenschaften / Politikwissenschaft;;;;;high;5
wahlbereich;Wahlbereich der Geistes- und Sozialwissenschaften;Wahlbereich der Geistes- und Sozialwissenschaften / Religionswissenschaft;;;;;high;6
wahlbereich;Wahlbereich der Geistes- und Sozialwissenschaften;Wahlbereich der Geistes- und Sozialwissenschaften / Romanische Studien/ Französistik;;;;;high;2
wahlbereich;Wahlbereich der Geistes- und Sozialwissenschaften;Wahlbereich der Geistes- und Sozialwissenschaften / Romanische Studien/ Hispanistik;;;;;high;2
wahlbereich;Wahlbereich der Geistes- und Sozialwissenschaften;Wahlbereich der Geistes- und Sozialwissenschaften / Romanische Studien/ Italianistik;;;;;high;2
wahlbereich;Wahlbereich der Geistes- und Sozialwissenschaften;Wahlbereich der Geistes- und Sozialwissenschaften / Romanische Studien/ Lusitanistik;;;;;high;2
wahlbereich;Wahlbereich der Geistes- und Sozialwissenschaften;Wahlbereich der Geistes- und Sozialwissenschaften / Romanische Studien/ Rumänistik;;;;;high;2
wahlbereich;Wahlbereich der Geistes- und Sozialwissenschaften;Wahlbereich der Geistes- und Sozialwissenschaften / Sinologie;;;;;high;4
wahlbereich;Wahlbereich der Geistes- und Sozialwissenschaften;Wahlbereich der Geistes- und Sozialwissenschaften / Sorabistik;;;;;high;9
wahlbereich;Wahlbereich der Geistes- und Sozialwissenschaften;Wahlbereich der Geistes- und Sozialwissenschaften / Sozial- und Kulturanthropologie;;;;;high;5
wahlbereich;Wahlbereich der Geistes- und Sozialwissenschaften;Wahlbereich der Geistes- und Sozialwissenschaften / Soziologie;;;;;high;8
wahlbereich;Wahlbereich der Geistes- und Sozialwissenschaften;Wahlbereich der Geistes- und Sozialwissenschaften / Theaterwissenschaft;;;;;high;4
wahlbereich;Wahlbereich der Geistes- und Sozialwissenschaften;Wahlbereich der Geistes- und Sozialwissenschaften / Translation;;;;;high;7
wahlbereich;Wahlbereich der Geistes- und Sozialwissenschaften;Wahlbereich der Geistes- und Sozialwissenschaften / Westslawistik;;;;;high;16
wahlbereich;Wahlbereich der Geistes- und Sozialwissenschaften;Wahlbereich der Geistes- und Sozialwissenschaften / Ägyptologie;;;;;high;6
